emp_no,first_name,last_name
10095,Hilari,Morton
10122,Ohad,Esposito
10291,Dipayan,Seghrouchni
10410,Takahito,Gecsei
10476,Kokou,Iisaka
10480,Make,Baba
10663,Teunis,Noriega
10762,Lech,Himler
10933,Juyoung,Seghrouchni
11015,Jeanna,Riesenhuber
11126,Hideo,Daescu
11157,Mario,Cochrane
11432,Yongmao,Zwicker
12155,Keiichiro,Glinert
12408,Rasiah,Sudkamp
12643,Morrie,Schurmann
13499,Kazuhiko,Sidou
13957,Angus,Chelton
14075,Denny,Tchuente
14104,Sudhanshu,Demian
14127,Magdalena,Cannard
14158,Caolyn,Setiz
14476,Sastry,Marrevee
14551,Richard,Sinitsyn
14907,Nakhoon,Luga
15050,Nikolaos,Kruskal
15058,Bouchung,Bugrara
15376,Geoff,Soicher
15413,Arvin,Rabejac
16461,Remmert,Schahn
16528,Gaurav,Swick
17013,Morris,Garigliano
17206,Berry,DeMori
17369,Yaghout,Kenevan
17447,Zengping,Boreale
17618,Teiji,Picco
17731,Gennady,Roison
17799,Gro,Gini
17970,Filipp,Carrere
17988,Mabhin,Calkin
18021,Adil,Matzke
18187,Denis,Falster
18424,Filipp,Rousseau
18583,Stafford,Honglei
18617,Surveyors,Crouzet
18810,Taiji,Jarecki
19236,Elzbieta,Morris
19350,Satoru,Yoshizawa
19803,Ziva,Kowalchuk
20100,Utz,Heuter
20128,Kazunori,Peak
20129,Rafael,Skafidas
20248,Vidar,Demri
20313,Candida,Benveniste
20500,Christoph,Trystram
20712,Valeri,Escriba
20720,Heejo,Brodie
20885,Otmar,Rothenberg
21181,Jianhui,Cangellaris
21188,Piyush,Danecki
21534,Alagu,Luders
21546,Yongmin,Lanteri
21843,Karsten,Azadmanesh
21909,Mohammed,Brizzi
22027,Sangeeta,Georg
22185,Huai,Birch
22415,Perla,Jumpertz
22451,Jasminko,Bresenham
22455,Barry,Unno
22502,Rutger,Binkley
22926,Manibrata,Genther
23396,Hilari,Fairtlough
24080,Jaana,Perez
24189,Abdelaziz,Atrawala
24205,Roddy,Rubsam
24377,Lubomir,Wroclawski
24394,Zhonghui,Conta
24421,Dannz,Grospietsch
24553,Anwar,Passafiume
24571,Cordelia,Gischer
25488,Ingmar,Basawa
26476,Bilhanan,Karcich
26503,Shietung,Billingsley
26617,Berto,Bruckman
26629,Nevin,Rodham
26671,Jiakeng,Kalorkoti
26788,Zongyan,Dalphin
27150,Chenyi,Plump
27331,Wanqing,Krohm
27378,Piyawadee,Leppanen
27620,Shuji,Kandlur
27686,Manu,Rosiles
27699,Falguni,Pezzoli
27767,Tooru,Veldwijk
27970,KayLiang,Miyakawa
28193,Xinglin,Mitsuhashi
28222,Mayuko,Vitiello
28974,Chenxi,Sundgren
28988,Tua,Giveon
29130,Xumin,Thorensen
29265,Gilbert,Calkin
29380,Satoru,Vidal
29418,Valery,Mersereau
29679,Kolar,Steenbeek
29782,Jouko,Hellwagner
29954,Pranay,Giarratana
30007,Kousuke,Vecchio
30035,Tetsushi,Conta
30154,Mayuko,Skafidas
30182,Leon,Potthoff
30465,Randi,Avouris
30484,Sailaja,Chvatal
30552,Yishai,Terlouw
30695,Gudjon,Majewski
30938,Yakkov,Samarati
31147,Divine,Sidhu
31170,Tuval,Waleschkowski
31188,Leandro,Gist
31207,Abdelwaheb,Dulin
31341,Oksana,Zultner
31514,Harngdar,Schapire
31568,Mark,Lalonde
31599,Qingxiang,Gewali
31629,Toong,Veldwijk
31909,Murthy,Peek
32347,Terresa,Peres
32552,Atreye,Stanger
32622,Piyush,Paciorek
32649,Ingmar,Nannarelli
32714,Radoslaw,Maliniak
32844,Tadahiko,Melton
33025,Jessie,Thorelli
33215,Steen,Fasbender
33293,Adamantios,Vanwelkenhuysen
33606,Clyde,Swift
33722,Anwar,Collette
34077,Angel,Sichman
34261,Kyoichi,Callaway
34446,Chinhyun,Bauknecht
34452,Naftaly,Foong
34505,Felicidad,Kumaresan
34533,Erzsebet,Shigei
34780,Moni,Kohling
34788,Ennio,Babu
34936,Bokyung,Stamatiou
35044,Jiang,Waschkowski
35087,Leif,Ashish
35441,Chandrasekaran,Peek
35642,Ashish,Talmon
35793,Oscar,Kusalik
35798,Ulf,Oberman
36521,Serif,Gladwell
36626,Fen,Genin
36733,Uma,Reinhard
36844,Hailing,Levergood
36982,Kotesh,Rajala
37070,Jeong,Undy
37592,Berni,Stranks
37719,Nakhoon,Buescher
37945,Suzette,Butterworth
38017,Ulf,Himler
38043,Michaela,Randi
38103,Masasuke,Babu
38168,Fumiko,Deverell
38550,JoAnne,Baez
38593,Huei,Orsini
38947,Shuichi,Ruemmler
39000,Martijn,Vendrig
39036,Changho,Cappelli
39268,Constantijn,Awdeh
39301,Rimon,Kawashima
39341,Mahmut,Lampe
39952,Otmar,Sudbeck
40269,Toshiki,Ghazalie
40283,Sudhanshu,Boissier
40301,Spyrose,Felder
40536,Harngdar,Bernardinello
40648,Wayne,Erev
40765,Michaela,Ramsak
40773,Shimshon,Aingworth
40785,Youpyo,Castellani
40983,Marla,Cherinka
41114,Petter,Thummel
41137,Bikash,Buchter
41357,Willard,Vernadat
41518,Keung,Schapiro
41520,Xiong,Uhrik
41552,Uno,Heyers
41609,Yucai,Simmen
42778,Shuji,Remmers
42911,Brigham,Eterovic
42950,Shaleah,Eickenmeyer
42955,Yucel,Lortz
43154,Maha,Waterhouse
43358,Ottavia,Mitsuhashi
43733,Huei,Boguraev
43848,Phillip,Oxenboll
44054,Alenka,Ritcey
44265,Maria,Eppinger
44540,Mingzeng,Sadowski
44900,Mark,Schwaller
44959,Volkmar,Uhrik
44962,Sariel,Wynblatt
45162,Dulce,Speel
45590,Masoud,Genin
46000,Zhaofang,Penn
46015,Weiye,Masand
46222,Mrinalini,Strooper
46328,Wuxu,Trogemann
46531,Yaghout,Peng
46811,Junsik,Berendt
46834,Tooru,Daescu
46943,Pasqua,Maraist
47016,Toong,Litecky
47139,Marco,Usdin
47262,Gonzalo,Binkley
47515,Naraig,Jenevein
47702,Juyoung,Vieri
47708,Edwin,Haldar
48275,Sariel,Massonet
48690,Hitomi,Schaap
48882,Leen,Lamparter
48904,Yuichiro,Malabarba
48947,Filipp,Akaboshi
49010,Kazuhisa,Benantar
49017,Filipp,Flanders
49119,Lena,Peek
49177,Tze,Bach
49464,Siddarth,Cappelletti
49477,Baocai,Leaver
50293,Xinan,Rindone
50311,Mooi,Stafford
50360,Sumali,Kushner
50453,Aron,Harbusch
50587,Slavian,Yemenis
50670,Boguslaw,Snedden
50831,Marie,Khalid
51036,Chriss,Fasbender
51057,Theirry,Albarhamtoshy
51060,Youngkon,Rohrbach
51118,Fumiko,Mundy
51142,Rosine,Lakshmanan
51502,Slavian,Munawer
51868,Remmert,Munke
52038,Chikako,Armand
52040,Phule,Heijenga
52283,Trygve,Krupka
52386,Adas,Denti
52590,Jouni,Munoz
52599,Augustine,Mungall
52639,Arup,Colorni
52770,Shugo,Yurek
52778,Alain,Penn
52956,Khalil,Picci
52970,Lobel,Werthner
53088,Mechthild,Lamma
53278,Premsyl,Lortz
53314,Eberhardt,Carrera
53431,Sham,Vasanthakumar
53499,Zdislav,Mandelberg
53597,Jiafu,Marchegay
53746,Manu,Erva
53874,Bodo,Schade
53891,Olivera,Pargaonkar
53924,Arnould,Gaughan
54198,Shaowen,Segond
54632,Etsuo,Serot
54795,Sumant,Nergos
54800,Breannda,Cangellaris
55121,Toshiko,Alblas
55640,Adit,Syrotiuk
55670,Ulf,Ranft
55687,Shih,Lindqvist
55799,Jianwen,Litzler
55857,Adin,Scallan
56105,Makato,Remmers
56209,Remzi,Douceur
56415,Sigeru,Nivat
56428,Olivera,Hanabata
56682,Roded,Picco
56829,Nagui,Gruenwald
56847,Menkae,Chinin
57934,Sanjoy,Boudaillier
57982,Paloma,Benzaken
58141,Bezalel,Karner
58147,Shigenori,Sullins
58217,Kiyotoshi,Kusalik
58384,Mariusz,Vural
58454,Ziya,Zambonelli
58497,Yechiam,Cairo
58601,Sungwon,Asser
58819,Gennady,Liesche
58990,Palash,Trelles
59195,Ronnie,Pollock
59329,Zissis,Bazzichi
59640,Zita,Hiltgen
59661,Saeko,Baik
59869,Zsolt,Riefers
59966,Steen,Salvesen
60000,Heekeun,Emmart
60091,Surveyors,Bade
60238,Erzsebet,Claffy
60559,Jeanna,Stemann
60821,Moty,Mersereau
60845,Bedir,Siegrist
60875,Rildo,Masaki
60959,Tetsushi,Sridhar
61147,Leszek,Werthner
61253,Cheong,Uhrik
61377,Dannz,Ohori
61541,Kasidit,Papsdorf
61680,Hauke,Templeman
61873,Woody,Rusmann
61983,Sastry,Reeken
62033,Heeju,Cappelli
62046,Karlis,Nanard
62167,Mihalis,Haldar
62245,Adel,Bressoud
62384,Akeel,Litzler
63294,Tetsushi,Tanemo
63419,Hiroyasu,Seuren
63441,Hinrich,Scallan
63444,Padma,Peres
63566,Heekeun,Slaats
63631,Falguni,Cherinka
63706,Sedat,Itzigehl
64023,Laurentiu,Benzmuller
64209,Golgen,Schoegge
64431,Faiza,Zongker
64487,Tsutomu,Rebaine
64532,Atilio,Segond
64632,Zsolt,Brender
64790,Shin,Piveteau
64828,Krister,Pappas
64984,Eldridge,Eldridge
65013,Chandrasekaran,Peral
65171,Jeane,Tasistro
65539,Aksel,Picaronny
65883,Patricia,Pepe
65998,Mandell,Alameldin
66382,Domenico,Candan
66530,Dung,Leaver
66643,Jianhao,Tomescu
66702,Deniz,Thibadeau
66757,Yonghong,Baig
66807,Aiman,Rosaz
67320,Sadok,Lorys
67548,Fumitaka,Roohalamini
67934,Aiman,Gargeya
68022,Kristinn,Pearson
68168,Marl,Thiria
68263,Fumiko,Bodoff
68416,Munenori,Debuse
68608,Yucai,Seghrouchni
68633,Chinhyun,Rassart
68648,Jaques,DiGiano
69052,Shietung,Shrader
69219,Shuky,Redmiles
69867,Miyeon,Rothe
69878,Chinya,Cooke
69936,Lalit,Unni
70469,Tru,Miyakawa
70780,Behnaam,Angelov
70990,Arumugam,Nitta
71066,Domenick,Basart
71141,Sajjad,Vitiello
71188,Pranjal,Schapiro
71243,Kinh,Buchter
71334,Cathie,Peck
71685,Kristinn,Olano
71710,Hitomi,Takanami
71745,Adil,Laventhal
72190,Sajjad,Waeselynck
72194,Feiyu,Siepmann
72232,Naraig,Veldwijk
72640,Honglan,Hutton
72918,Takahira,Szilard
73076,Froduald,Feldhoffer
73233,Shigeo,Merey
73516,Qingxiang,Badache
73743,Anneke,Bernardeschi
73794,Aiichiro,Castellani
73903,Bartek,Cappello
74200,Holgard,Weiland
74237,Jaihie,Vilarrasa
74344,Hiroyasu,Provine
74598,Kolar,Garigliano
74668,Masako,Bonifati
74800,Yuuichi,Conde
75113,Zissis,Birch
75354,Shuky,Jakobus
75420,Clyde,Vrecion
75703,Kyoichi,Erman
75760,Jahangir,Radhakrishnan
75888,Marsal,Otillio
76178,Chiradeep,Meriste
76189,Kolar,Hinsberger
76201,Arif,Preusig
76417,Parviz,Duclos
76598,Keung,Ferriere
76640,Tristan,Mitsuhashi
76847,Mariusz,Weiland
77030,Faiza,Garnham
77157,Tesuro,Nicolson
77303,Xinglin,Birge
77647,Niranjan,Schaaf
77815,Ronghao,Picaronny
78086,Fabrizio,Anick
78106,Ashish,Ratnaker
78171,Teiji,Hinsberger
78363,Susumu,Fritzsche
78469,Leucio,Cappelli
78871,Conor,Ghandeharizadeh
79043,Katsuo,Hockney
79171,Guiseppe,Ellozy
79190,Tsuneo,Servi
79239,Denny,Griswold
79310,Jeong,Cunliffe
79606,Arnd,Peir
79640,Marl,Litzkow
79722,Make,Remmers
79763,Sanjoy,Barreiro
79895,Fei,Murtagh
80067,Kazuhisa,Weiland
80203,Shakhar,Baik
80432,Stella,Figueira
80656,Kwan,Gide
80731,Shaowen,Eldridge
80745,Rimli,Huttel
80850,Koldo,Luit
80889,Shigeo,Linnainmaa
80948,Harjit,Bardell
81105,Jaewon,Boissier
81162,Marco,Klerer
81545,Larisa,Kornyak
81619,Gen,Aloisi
81644,Divine,Ghandeharizadeh
81995,Sreekrishna,Brender
82069,Yechezkel,Perfilyeva
82098,Poornachandra,Wilharm
82351,Stevo,Thambidurai
82511,Uwe,Koblick
82919,Shigeu,Claffy
82928,Alselm,Rikino
83280,Francesca,Ellozy
83289,Shigeichiro,Engelmann
83509,Breannda,Collavizza
83544,Leaf,Baak
83714,Ohad,Kilgore
83805,Manohar,Harllee
83922,Shunichi,Solovay
83941,Zsolt,Hagimont
84029,Babette,Eugenio
84163,Zejun,Roisin
84179,Shuichi,Nanard
84236,Eberhardt,Barriga
84256,Denny,Cheshire
84315,Kristina,Baumann
84451,Shiv,Aumann
84494,Janalee,Loncour
84508,Tommaso,Vidya
84840,Sverrir,Neimat
84922,Parke,Unno
84942,Shin,Fujisaki
85216,Ferdinand,Rosiles
85288,Younwoo,Luders
85414,Chiradeep,Callaway
85445,Yongdong,Pollock
85702,Udi,Merks
85874,Pasqua,Taubman
86213,Kristine,Clemencon
86324,Maia,Berstel
86354,Ronghao,Segond
86422,Jaewon,Thummel
86546,Oldrich,Woycyznski
86655,Zhenhua,Lorys
86672,JoAnne,Anido
87129,Keung,Neiman
87353,Quingbo,Coombs
87458,Mikhail,Gimbel
87714,Khun,Janetzko
87729,Yongmin,Roccetti
87783,Conor,Thorensen
88103,Goo,Bresenham
88357,Manohar,Karcich
88411,Lena,Cannane
88422,Jungsoon,Birsak
88647,Vasiliy,Ratnaker
88958,Vojin,Coombs
88965,Mang,Hedayat
89048,Otmar,Birjandi
89090,Tetsushi,Theuretzbacher
89161,Conal,Yetto
89207,Along,Erol
89346,Mansur,Comyn
89487,Kazuhira,Seiwald
89590,Guther,Rothenberg
89664,Pranjal,Rossi
89680,Aiman,Mawatari
89806,Xiadong,Shinomoto
89922,Alexius,Ibel
89941,Arnould,Weedman
90077,Vivian,Guerreiro
90084,Renny,Bale
90116,Brigham,Luiz
90211,Bader,Denis
90292,Koichi,Assaf
90366,Magy,Eiron
90518,Fumiko,Chepyzhov
90614,Yonghoan,Trogemann
90692,Rajmohan,DasSarma
91172,Kazuhisa,Melter
91182,Lucien,Schwartzburd
91229,Yahiko,Hebden
91256,Gunilla,Milicic
91308,Remmert,Plumb
91333,Lobel,Stafford
91415,Jamaludin,Nilsson
91462,Siamak,Janocha
91648,Dmitry,Msuda
91934,Nikolaus,Swen
91973,Jianwen,Jakobus
92438,Aria,Kilgore
92443,Girolamo,Bellmore
92454,Visit,McFarlan
92577,Zhanqiu,Farrow
92598,Ranga,Merro
92685,Mang,Atchley
92841,Claude,Candan
92846,Anyuan,Kropatsch
92920,Huei,Hutter
93040,Jaques,Kabayashi
93220,Richara,Walston
93278,Magdalena,Penn
93549,Arie,Coullard
93600,Kristina,Neimat
93794,Rimli,Werthner
94045,Gift,Brender
94131,Bernardo,Vasanthakumar
94331,Ramzi,Cronau
94416,Aran,Cesareni
94442,Bilhanan,Marrakchi
94690,Kazuyasu,Sridhar
94761,Hitofumi,Zaccaria
94787,Shigenori,Stanfel
94944,Heping,Matheson
95181,Yishai,Cappelli
95286,Kristin,Guerreiro
95314,Rasiah,Koblick
95406,Alair,Lyonns
95416,Gianluca,Ramaiah
95509,Kristinn,Loncour
95692,Abdulah,Hofstetter
95920,Nobuyoshi,Hegner
96100,Pranay,Rebaine
96571,Kokou,Garrabrants
96579,Mohan,Tasistro
96767,Arumugam,Vecchio
97018,Jeanna,Chinen
97092,Anwar,Riexinger
97623,Haldon,Janetzko
97661,Avishai,Hegner
97697,Moie,Karunanithi
98288,Sumali,Huttel
98306,Ziya,Kadhim
98514,Giao,Junot
98639,Florina,Assaf
99057,Shugo,Reeken
99373,Xiaobin,Christianini
99377,Carrsten,Francisci
99590,Dhritiman,Anily
99654,Mahendra,Motley
100865,Hisao,Peral
100877,Kazuhide,Harnett
100916,Heejo,Aamodt
101063,Nectarios,Munos
101487,Abdelaziz,Sury
101647,Mori,Homond
101902,Mantis,Millington
102620,Adin,Templeman
103166,Waiman,Dalton
103172,Doowon,Highland
103196,Djenana,Albarhamtoshy
103310,Visit,Swen
103316,Susanne,Peternell
103342,Beshir,Hellwagner
103756,Heping,Halloran
104133,Pranjal,Zyda
104845,Werner,Lodder
104962,Zongyan,Auyong
104988,Parviz,Litzler
105191,Jaber,Kleiser
105342,Kwun,Reeker
105356,Diederik,Matzov
105432,Mohamadou,Stafford
105520,Haldun,Lienhardt
105589,Yechiam,Egerstedt
105731,Sachem,Cromarty
105936,Vidar,Thibadeau
106096,Naftali,Schurmann
106242,Nevio,Thisen
106514,Otilia,Speek
106695,Lijie,Garrabrants
106710,Babette,Anandan
106958,Horward,Begiun
107486,Siamak,Luiz
107737,Fabrizio,Chleq
107792,Shahab,Crooks
107828,Ramya,Walston
108091,Hisao,Ghemri
108198,Randi,Samarati
108316,Shai,Stellhorn
108988,Oksana,Baek
109062,Jamaludin,Kandlur
109211,Gor,Delgrande
109252,Moty,Winter
109278,Bangqing,Schach
109547,Chenye,Zizka
109552,Menkae,Etalle
109553,Xiaobin,DuBourdieux
109598,Stamatina,Auyong
109611,Jamaludin,Lalonde
109620,Mani,Cannata
109652,Huan,Perko
109703,Arco,Walston
109741,Hatem,Fadgyas
109953,Godehard,Chorvat
200052,Slavian,Cincotta
200176,Shahab,Luit
200267,Chuanti,Luff
200312,Akemi,Fujisaki
200363,Kirk,Quaggetto
200735,Dinah,Denos
200789,Susumu,Camurati
201180,Odinaldo,Bridgland
201229,Alejandra,Khasidashvili
201708,Anneli,Perl
201709,Fan,Kakkad
201739,Genta,Terekhov
201801,Waiman,Genin
201915,Sudharsan,DeMori
202031,Annemarie,Peternell
202291,Ortrun,Schmiedel
202403,Gully,Perko
202414,Zvonko,Murthy
202552,Morris,Saoudi
202581,Dharmaraja,Merlo
202826,Kerhong,Matzke
202882,Isaac,Koshino
202950,Giordano,Pietrzykowski
203474,Hugh,Jonsson
203495,Zongyan,Gips
203599,Ewing,DiGiano
203697,Claude,Kemmerer
203720,Sasan,Thimonier
203946,Yefim,Marwedel
204117,Jessie,Nooteboom
204133,Susuma,Bergere
204246,Arve,Worfolk
204425,Gretta,Huttel
204470,Hein,Lichtner
204471,Franziska,Maginnis
204764,Susanne,Mandelberg
205018,Yahiko,Awdeh
205085,Moni,Kornyak
205174,Leszek,Spinelli
205362,Masasuke,Makinen
205500,Mary,Setiz
205627,Stabislas,Broder
205660,Kien,Barreiro
205699,Youjian,Yetto
205789,Limsoon,Skafidas
205863,Aiichiro,Kusalik
206372,Temple,Joslin
206748,Yucai,Fabrizio
206836,Guadalupe,Pfau
206865,Vasilii,Cochrane
206966,Tzu,Sichman
207021,Jacqueline,Akaboshi
207068,Zhiguo,Ariola
207204,Kellie,Schrooten
207401,Shuji,Barbanera
207551,Baziley,Falck
207779,Chinya,Kamble
207980,Remko,Vieth
208147,Manu,Rothenberg
208330,Shen,Flanders
208639,Larisa,Lukaszewicz
208653,Phillip,Schade
208784,Pranjal,Juneja
209101,Xinyu,Edelhoff
209443,Krassimir,Garnier
209456,Adhemar,Leonhardt
209565,Dante,Covnot
209681,Tianruo,Bratten
209712,Nimmagadda,Baak
209945,Roded,Veevers
210017,Shalesh,Lovengreen
210292,Lihong,Zeilberger
210449,Gino,Lagarias
210529,Adam,Besancenot
210610,Arco,Crouzet
210752,Saniya,Stenning
210786,Werner,Ranze
211569,Zhonghua,Snyers
211858,Domenico,Ratnaker
211879,Gao,Ranze
211967,Anwar,Bain
212074,Tomokazu,Byoun
212093,Leni,Henders
212131,Debatosh,Rajala
212154,Sailaja,Holburn
212361,Claudi,Stanfel
212703,Kien,Bennis
212810,Qingxiang,Swan
213016,Yongmao,Fontan
213140,Tru,Danecki
213384,Pranas,Narwekar
213447,Armond,Perly
214184,Sivanarayana,Ranka
214215,Xiaoqiang,Cardazo
214391,Rayond,Klassen
214427,Peer,Molberg
214539,Ingmar,Kohling
214634,Shirish,Vickson
214789,Arfst,Chepyzhov
214807,Prasadram,Qiwen
214866,Gopalakrishnan,Angel
214995,Dinkar,Hoppenstand
215419,Flemming,Kroha
215629,Munehiro,Manders
215746,Sven,Speer
215843,Pramod,Loncour
216054,Sahrah,Angiulli
216062,Shuichi,Anick
216246,Francoise,Rullman
216342,Aiichiro,Cromarty
216375,Byong,Gustavson
216502,Xiaocheng,Suermann
216573,Ashish,Vidya
216921,Lena,Lenart
217026,Otmar,Engberts
217080,Masami,Puoti
217272,Yuchang,Eldridge
217286,Yannik,Spelt
217320,Abdelwaheb,Denis
217363,Horward,Marzano
217387,Jianhao,Molenaar
217551,Panayotis,Lukaszewicz
217800,Shay,Servieres
218022,Mokhtar,Poupard
218100,Jiong,Garnham
218299,Almudena,Genin
218829,Eckart,Foong
218831,Unal,DuBourdieux
219035,Kristine,Bierman
219047,Aemilian,Kusalik
219052,Marsal,Acton
219417,Subhrajyoti,Denna
219497,Moie,Zastre
219967,Susanna,Reeken
220029,Demos,Asser
220131,Reinhard,Slaats
220418,Poorav,Laventhal
220528,Sibyl,Rabehasaina
220582,Poornachandra,Zielinski
220611,Yuping,Babb
220625,Shigenori,Deville
220699,Nahid,Gyimothy
220799,Perla,Orlowska
221126,Tesuya,dAstous
221367,Saddek,Farris
221369,Abdulah,Pocchiola
221435,Djenana,Marrevee
221699,Szabolcs,Georgatos
221973,Sangeeta,Kalefeld
222206,Stein,Uludag
222311,Miyeon,Billingsley
222319,Matt,Chvatal
222354,Valdiodio,Schlumberger
222616,Badri,Schapire
222701,Lein,Delaune
222770,Kazuhiko,Kushner
222878,Annemarie,Zallocco
222926,Limsoon,Erol
222952,Gopalakrishnan,Suermann
222998,Leaf,Awdeh
223593,Hidefumi,Moehrke
223595,Chiranjit,Dredge
224135,Annemarie,Bressoud
224335,Perry,Chachaty
224390,True,Shobatake
224934,George,Miake
225438,Remmert,Quaggetto
225601,Masasuke,Genin
225788,Ipke,Kieras
225867,Ramalingam,Remmele
225964,Mooi,Cooman
226216,Giordano,Gini
226227,Herbert,Erva
227354,Gio,Murtha
227476,Macha,Schnabel
227681,Mikhail,Rousseau
227899,Garnik,Luce
227901,Francesca,Azuma
228098,IEEE,Kroll
228248,Yuriy,Plump
228554,Bilhanan,Brendel
228575,Takanari,Pelc
228766,Nahla,Smailagic
229098,Berry,Yurek
229207,Filipe,Erol
229220,Fabrizio,Lichtman
229248,Harjit,Terekhov
229352,Kwangho,Petereit
229364,Dulce,Magliocco
229386,Pohua,Tasistro
229391,Paloma,Henseler
229404,Gilbert,Kilgour
229547,Moni,Schach
229690,Mokhtar,Sherertz
229727,Ewing,Millington
229981,Jamaludin,Fordan
230002,Tadahiro,Backhouse
230126,Bezalel,Radivojevic
230287,Renny,Alameldin
230354,Yinghua,Lorho
230498,Kolar,Puppo
230579,Shahar,Negoita
230689,Dietrich,Crabtree
230821,Toshiki,Raney
230865,Takushi,Brattka
231043,Torsten,Slobodova
231069,Trygve,Siksek
231459,Nectarios,Pramanik
231671,Chandrasekaran,Pearson
231798,Goetz,Alvarado
232178,Etsuo,Anandan
232209,Nitsan,Rouquie
232458,Nikolaus,Yetto
232496,Peternela,Klerer
232697,Barry,Ramsak
232723,Tesuya,Bugrara
233114,Alselm,Gargeya
233247,Murthy,Angiulli
233394,Khalid,Lenart
233397,Fay,Sundgren
233426,Etsuo,Usery
233533,Seongbae,Sluis
233690,Cedric,Riefers
233759,Zissis,Lodder
233765,Kotesh,Chachaty
233785,Baziley,Ballarin
233818,Kellie,Heydon
234195,Luerbio,Terkki
234278,Tzu,Impagliazzo
234739,Foong,Aamodt
235017,Irena,Dratva
235096,Sverrir,Gyimothy
235269,Keiichiro,Feldmann
235325,Gro,Prochazka
235368,Anneli,Joslin
235458,Gio,Heuser
235546,Tianruo,Speer
235729,Henk,Anger
235780,Sampalli,Bergere
235793,Jayesh,Spinelli
236315,IEEE,Raczkowsky
236559,Berna,Nanard
236566,Yechezkel,Maginnis
236591,Insup,Reinhard
236827,Almudena,Rijckaert
236883,Huan,Olivero
236964,Adel,Foote
237289,Brendon,Fritzsche
237400,Guadalupe,Perri
237590,Annemarie,Irland
238112,Miomir,Frezza
238252,Uno,Suppi
238422,Vishv,Angelov
238949,Minghong,Cronin
239067,Tadahiko,Pocchiola
239244,Abdulla,Kitai
239415,Susumu,Brender
239426,Vesna,Fairtlough
239581,Guangming,Marquardt
239664,Sugwoo,Michaels
239706,Arunas,Bugrara
239748,Bilhanan,Dusink
239803,Oscal,Ernst
240011,Heather,Luef
240132,Mizuhito,Kobara
240236,True,Tischendorf
240253,Shrikanth,Ramaiah
240285,Kolar,Greenaway
240340,Mack,Staylopatis
240438,Temple,Cyre
240870,Francesca,Chorvat
241100,Cedric,Molenaar
241254,Jagoda,Anguita
241292,Uri,Lampe
241567,Emran,Miara
241667,Atilio,Olivero
241728,Limsoon,Boudaillier
241872,Bluma,Fetvedt
241917,Wuxu,Poupard
241952,Maya,Anandan
242019,Herb,Murrill
242081,Tomokazu,Pargas
242104,Richara,Sudkamp
242237,Hidde,Papsdorf
242314,Miyeon,Burnard
242500,Bingning,Iisaku
242611,Frazer,Flanders
242800,Kazuyasu,Levergood
242867,Paddy,Nittel
243018,Bowen,Deverell
243077,Kazunori,Perz
243576,Abdulah,Lodder
243637,Marjo,Delgrange
243898,Arch,Basawa
244308,Mokhtar,Rebaine
244605,Masoud,Suwa
244624,Boaz,Seuren
244711,Rosli,Butner
244714,Poorav,Clouatre
244820,Shigenori,Hertweck
244873,Arunachalam,Oppitz
245164,Filipp,Winter
245396,Gift,Bottner
245664,Manohar,Kilgore
246146,Zhongwei,Melski
246244,George,Casperson
246364,Alper,Tiemann
246764,Shuzo,Czaja
246798,Tianruo,Strooper
246902,Shih,Shanbhogue
247089,Seongbae,Schahn
247122,Xiaobin,Narlikar
247447,Tzu,Bakhtari
247456,Masako,Bahk
247612,Chiranjit,Constantine
247875,Xiong,Anick
247888,Abdelghani,Lagarias
248094,Valeska,Lupu
248256,Sajjan,Falby
248351,Jaana,Milicia
248758,Snehasis,Muhlberg
248953,Percy,Sudbeck
249239,Hideyuki,Decleir
249325,Ute,Pokrovskii
249433,Ayonca,Matzov
249451,Gopalakrishnan,Pehl
249504,Dmitry,Velardi
249780,Nechama,Gaughan
249799,Jolita,Neimat
249866,Steen,Gubsky
249969,Georgi,Luiz
250411,Ranga,Sommen
250452,Alexius,Plavsic
250748,Kish,Turnbull
251166,Hinrich,Hooghiemstra
251233,Yucel,Bernini
251301,Pintsang,Impagliazzo
251341,Divier,Kumaresan
251403,Utpal,DuBourdieux
251437,Shichao,Iwayama
251645,Bezalel,Tsunoo
251680,Moty,Sommen
251814,Mitsuyuki,Zockler
252185,Chaosheng,Conta
252241,Zito,Alvarado
252316,Gill,Niizuma
252318,Keung,Simmel
252392,Sanjeeva,Peron
252592,Sachem,McDermid
253029,Thodoros,Thimonier
253707,Insup,Hainaut
253838,Stafford,Terlouw
253893,Huiqun,Trystram
254044,Gunilla,Brendel
254399,Armond,Lores
254591,Mamdouh,Lodder
254787,Mohan,Chepyzhov
254821,Tonny,Couchot
254916,Serenella,Couchot
255466,Huan,Roccetti
255657,Oldrich,Cyre
255779,Heejo,Merle
256078,Duke,Picaronny
256216,Halsur,Brodal
256837,Bezalel,Jording
256856,Hongzue,Barbanera
256881,Ioana,Jakobus
256888,Heather,Pehl
257062,Stabislas,Pardalos
257378,Pascal,Bernatsky
257469,Anyuan,Hanratty
257484,Shaowei,Nicolson
257624,Adhemar,Dalphin
257799,Sushant,Riefers
258028,Mountaz,Reinhart
258124,Mariusz,Zolotykh
258363,Tayeb,Veevers
258376,Jaber,Falco
258470,Weiwu,Butner
258643,Przemyslawa,Esposito
259042,Xiaoqiang,Farrow
259237,Palash,Gammage
259273,Xiahua,Gomatam
259611,Shuichi,Marrakchi
259619,Conal,Magliocco
259718,Stepehn,Bouloucos
260083,Kwok,Journel
260153,Mingdong,Baar
260249,Vugranam,Beausoleil
260361,Reinhold,Rahier
260399,Hatem,Birsak
260408,Sasan,Brookner
260501,Dzung,Pargas
260545,Fei,Rebaine
261184,Masako,Kornatzky
261631,Jianhua,Huttel
261662,Berni,Assaf
261737,Mark,Lindqvist
261986,Gila,Ramsak
261990,Volkmar,Czaja
262154,Wonhee,Vrecion
262208,Mrinalini,Holburn
262210,Chinho,Bottner
262328,Mayuko,Vural
262439,Lorien,Lagarias
262440,Subbu,Kaiserswerth
262548,Jixiang,Loncour
262636,Tamiya,Reutenauer
262741,Izaskun,Moffat
262752,Pramod,Bierman
262861,Kayoko,Attimonelli
262928,Piyush,Gill
263012,Hideo,Buchter
263186,Danny,Lowrie
263325,Dinkar,Sinicrope
263370,Shakhar,Ranze
263439,Atreye,Kabayashi
263645,Mingsen,Lally
263649,Mechthild,Zongker
263721,Abdulah,Horswill
263926,Fusako,Schwartzbauer
264001,Khalil,Mapelli
264030,Zdislav,Solares
264167,Baoqiu,Tomescu
264322,Leandro,Swist
264626,Noritoshi,Bakhtari
264715,Siddarth,Luke
264939,Bogdan,Bahi
265039,Navid,Staudhammer
265521,Kensei,Salverda
265558,Susuma,Kleiser
265794,Miquel,Halloran
265875,Fan,Marsiglia
266206,Zsolt,Anily
266249,Sumant,Nishimukai
266310,Zvonko,Serdy
266644,Anwar,Gubsky
266689,Parke,Serna
266862,Mart,Plumb
266881,Mokhtar,Sabnani
266981,Toshimi,Kragelund
267059,Moie,Tempesti
267227,Susuma,Tagansky
267304,Jordanka,Axelband
267504,Mayuri,Flowers
267667,Irena,Kaiserswerth
267745,Wojceich,Honglei
268043,Narain,Mikschl
268191,LiMin,Teitelbaum
268890,Somnath,Uhrik
269186,Vitali,Dayang
269568,Rimli,Walston
269728,Naftali,Kragelund
270084,Ulises,Frolund
270716,Shunichi,Baer
270792,Domenico,Wendorf
270794,Dannz,Zhang
270821,Hatem,Bierbaum
271106,Taisook,Kampfer
271118,Somnath,Nitsche
271219,Odoardo,Tyugu
271975,Yuchang,Busillo
272141,Tsutomu,Neiman
272285,Gully,Mitchem
272316,Surveyors,Muhling
272452,Mitsuyuki,Isard
272599,Holgard,Hegner
272860,Minghong,Candan
273159,Divine,Hofmeyr
273274,Yolla,Kobara
273286,Brigham,Asmuth
273396,Wayne,Baba
273806,Hongzhu,Beetstra
273858,Gunilla,Matzen
274071,Mingsen,Weiland
274271,Prodip,Ritcey
274369,Ranga,Waymire
274813,Yefim,Pettey
275158,Satyanarayana,Brandsma
275263,Vojin,Laventhal
275444,Limsoon,Leppanen
275495,Shen,Yamaashi
275801,Ayakannu,Heinisuo
275881,Jiann,Munro
275994,Uma,Prampolini
276027,Holgard,Stavenow
276184,Mari,Swick
276186,Sajjad,Vecchi
276189,Isaac,Klerer
276445,Atilio,Randi
276472,Hideyuki,Flanders
276563,Gift,Solares
276868,Alois,Sanella
276922,Yongmin,Sidje
277316,Vitali,Rothenberg
277362,Uzi,Kugler
277420,Rayond,Schach
277777,Herbert,Itzigehl
277829,Michaela,Fandrianto
277926,Shaunak,Solovay
278239,Boaz,Bottner
278386,Caolyn,Poujol
278452,Sudhanshu,Toyoshima
278484,Koldo,Peternell
278536,Munenori,Shobatake
278549,Jaana,Werthner
278883,Hidefumi,Saoudi
278953,Jeanna,Ghandeharizadeh
279115,Maren,DuCasse
279280,Niranjan,Debuse
279384,Hugo,Comte
279791,Chiranjit,Lyonns
280029,Vasilii,Verhaegen
280070,Niteen,Ebeling
280291,Lenore,Badache
280411,Hironoby,Farrar
280420,Jahangir,Hofting
280525,Kish,Herbst
280648,Heeju,Lorys
280836,Ipke,Farrar
281180,Phillip,Fontet
281570,Zijian,Covnot
281692,Khosrow,Sommen
281834,Fumitake,Marchegay
281848,Parke,Staylopatis
281859,Masanao,Papastamatiou
282000,Hideo,Ratnakar
282191,Alper,Shinomoto
282333,Nahla,Serdy
282343,Xinglin,Haldar
282547,Nahum,Codenie
282585,Zijian,Lammel
282699,Candida,Felcyn
282862,Chenxi,Pusterhofer
282894,Fay,Bellmore
283041,Nathalie,Foote
283138,Cullen,Mikschl
283168,Sanjai,Kopetz
284045,Fun,Seiwald
284300,Ishfaq,Mahmud
284431,Pintsang,Fujisawa
284561,Duri,Beznosov
284687,Oksana,Redmiles
284691,Theron,Ressouche
284711,Martijn,Azevdeo
284717,Gal,Ranta
284856,Moto,Kobara
284954,Anneke,Hammerschmidt
285149,Nahum,Schahn
285164,Xiaocheng,Kumaresan
285318,Theron,Ravishankar
285396,Lena,Kohling
285905,Kellyn,Bage
285906,Arnould,Buescher
286026,Utpal,Zaumen
286029,Jaques,Nanard
286370,Toshimitsu,Seuren
286452,Behnaam,Bierbaum
286573,Nahum,Nishimukai
286779,Sigeru,Versino
286986,Woody,Trelles
287323,Steve,Dengi
287327,Youjian,Felder
287334,Elliott,Speer
287436,Sasan,Deville
287482,Shigeaki,Gihr
287583,Jovan,Hockney
287609,Sailaja,Negoita
287713,Aamod,Ranka
287808,Vidar,Ozeki
287822,Mooi,Perfilyeva
287983,Randi,Munos
287984,Troy,Kobuchi
288028,Kauko,Narwekar
288134,IEEE,VanScheik
288142,Shay,Heystek
288166,Masoud,Asmuth
288560,Yifei,Birjandi
288563,Cristinel,Gerlach
288606,Susumu,Swiss
288665,Horward,Khasidashvili
288848,Vivian,Hennebert
288893,Bedrich,Rosenbaum
289122,Nikolaus,Akaboshi
289454,Bowen,Narwekar
289687,Fai,Maccarone
289807,Soenke,Lemarechal
289909,Hilari,Vecchio
290009,Zijian,Rindone
290010,Fox,Lodder
290075,Boalin,Byoun
290284,Kwangjo,Menhardt
290441,Gregory,Collavizza
290467,Shaowen,Poulakidas
290478,Tsvetan,Sherertz
290563,Shigehiro,Oxenboll
290769,Lalit,Blokdijk
291349,Constantijn,Rusterholz
291352,Danai,Trelles
291368,Gita,Rodier
291612,Siamak,Gomatam
291669,Faiza,Bach
291755,Ebru,Doering
291819,Uriel,Georg
292110,Menkae,Showalter
292146,Khatoun,Pulkowski
292210,Masaru,Huhdanpaa
292374,Shridhar,Chvatal
292404,Hongzue,Zultner
292504,Georgi,Bednarek
292515,Bernd,Thummel
292828,Ziya,Tokunaga
292901,Shuky,Journel
293080,Hideyuki,Slaats
293154,Syozo,Maliniak
293280,Moti,Steenbeek
293329,Fumiya,Griswold
293746,Sanjay,Litecky
293752,Jungsoon,Bail
294144,Takanari,Ermel
294241,Marl,Fiebach
294446,Claudi,Ruemmler
294461,Siddarth,Rosiles
294527,Ashish,Candan
294652,Hironobu,Brodie
294791,Vesna,Lammel
294857,Caolyn,Ozeri
294996,Tomoyuki,Vigier
295030,Fun,Keirsey
295236,Kauko,Fujisawa
295254,Xuejun,Pfau
295255,Jacopo,Bellone
295262,Moon,Pews
295268,Eben,Calkin
295278,Val,Barvinok
295411,Chiranjit,Serot
295476,Shawna,Chiodo
295857,Kankanahalli,Ciolek
296062,Shaz,Driscoll
296303,Mariangiola,Heyers
296428,Charmane,Simmen
296610,Pranav,Berztiss
296621,Bokyung,Plump
296664,Dipayan,Geffroy
296687,Palash,Spieker
296718,Kamakshi,Bahl
296962,Wilmer,Luke
297008,Boutros,Awdeh
297232,Lokesh,Saoudi
297243,Tesuya,Mansanne
297431,Cathie,Ratnakar
297474,Irena,Terkki
297804,Vasilis,Ginneken
297905,Marc,Bahl
297954,Sailaja,Fujisaki
298339,King,Benzmuller
298479,Kamakshi,Badache
298577,Florina,Litecky
298953,Zita,Syang
299346,Fumitake,Sichman
299580,Luisa,Itzfeldt
299718,Denny,Shobatake
299737,Patricio,Itzfeldt
400046,Hilari,Christ
400344,Yishai,Sessa
400358,Angus,Jullig
400683,Kamakshi,Manders
400780,Poornachandra,Asser
400796,Bodo,Halevi
401154,Danae,Kragelund
401278,Oguz,Schurmann
401333,Martins,Shokrollahi
401364,Pranay,Kambil
401420,Florian,Uhrig
401574,Yannik,Falco
402025,Shigehito,Duclos
402102,Kersti,Granlund
402223,Fai,Breugel
402664,Subhada,Janetzko
402718,Jeanna,Rettelbach
402827,Weidon,Pollacia
403010,Toshimitsu,Sluis
403237,Muneo,Gunderson
403455,Marko,Velardi
403621,Deborah,Kaminger
403644,Krisda,Hainaut
403954,Jeanna,Bratten
404018,Valery,Babb
404236,Zengping,Kakkar
404462,Anestis,Setlzner
404573,Eberhardt,Spelt
404755,Manu,Junet
404788,Basem,Beausoleil
404879,Jeanne,Kaminger
405015,Morris,Fargier
405063,Yechezkel,Yurov
405372,Masami,Merro
406125,Georgi,Portugali
406239,Marek,Tomescu
406249,Naraig,Snyers
406299,Kitty,Kolvik
406537,Martien,Ranum
406564,Parviz,Picco
406714,Malu,Ossenbruggen
406847,Alexius,Crouzet
407522,Tommaso,Raczkowsky
407837,Fei,Erez
408019,Shridhar,Chleq
408114,Geoffrey,Ladret
408163,Irene,Sethi
408417,Tsz,Daescu
408435,Bikash,Vilarrasa
408437,Uno,Solares
408447,Mayuri,Werthner
408654,Yongqiao,Cochrane
408953,Jolita,Claffy
409112,Sahrah,Mitchem
409391,Willard,Verspoor
409712,Etsuo,Andreotta
409798,Dekang,Tsunoo
409805,Frazer,Candan
409898,Divier,Ishibashi
410028,Xiadong,McClurg
410372,Duri,Mitina
410433,Kazuhisa,Riesenhuber
410592,Tonia,Shigei
410616,Gudjon,Kalorkoti
410703,Kitty,Halloran
410804,Ronnie,Denos
410881,Koichi,Grabner
411070,Otmar,Brandsma
411082,Martine,Cangellaris
411143,Goncalo,Barbanera
411727,Weiwu,Lamma
411906,Anneli,Pappas
412315,Geoff,Peck
412404,Mitsuyuki,Jeansoulin
412757,Leen,Peak
413098,Hsiangchu,Taubenfeld
413205,Mototsugu,Prampolini
413554,Elvia,Schwartzburd
413666,Remco,Duclos
413729,Harjit,Ernst
413831,Mohamadou,Grabner
413832,Marco,Jahnichen
414027,Tadanori,Msuda
414091,Wuxu,Kuhnemann
414461,Somnath,Bierbaum
414543,Bernd,Anick
414551,Elliott,Copas
414662,Ipke,Schneeberger
414714,Chinho,Delgrande
414808,Aris,Sambasivam
414814,Dayanand,Wielonsky
414897,Juyoung,Willoner
414922,Prasadram,Piazza
415187,Juyoung,Peltason
415234,Ewing,Baak
415338,Shigeo,Emmart
415363,Conal,Shackell
415563,Mrinalini,Bierbaum
416074,Alain,Lieberherr
416383,Nectarios,Itschner
416420,Adamantios,Heemskerk
416455,Laurentiu,Morton
416492,Kannan,Meriste
416660,Nathalie,Luke
416720,Tokuyasu,Xiaoshan
416877,Gio,Orsini
416892,Shooichi,Vandervoorde
417128,Valeska,Rosenbaum
417435,Bouchung,Zaumen
418239,Josyula,Motley
418247,Oscar,Oppitz
418298,Arvin,Pusterhofer
418309,Danel,Petereit
418380,Kazuhiko,Gornas
418566,Kazuhide,Snedden
418606,Michaela,Otillio
418689,Gino,Uehara
418717,Arunachalam,Magliocco
418860,Ymte,Dalton
419099,Heon,Broomell
419388,Nikolaos,Bamford
419953,Ung,Orlowski
420086,Susuma,Kitsuregawa
420476,Mariangiola,Bolsens
420557,Mabhin,Eastman
420599,Hidde,Riexinger
420681,Atilio,Rajala
420694,Frazer,Barbanera
420732,Willard,Morrin
420759,Raimond,Solovay
420765,Shawna,Krider
420877,Khosrow,Erez
420921,Niranjan,Lamba
421022,Shigeaki,Butner
421033,Garnik,Randt
421039,Aemilian,Zedlitz
421074,Zhaofang,Falster
421312,Mariangiola,Bashian
421384,Renny,Bednarek
421755,Shichao,Thiria
422146,Kenton,Miara
422263,Abdulah,Remmele
422450,Junichi,Rubsam
422783,Jagoda,Uhrig
423038,Takushi,Strehl
423204,Uma,Stranks
423208,Joydip,Krone
423214,Tsutomu,Tetzlaff
423327,Constantijn,Lichtman
423350,Heping,Monarch
423516,Wojceich,Butterworth
423633,Mariusz,Tokunaga
423993,Seshu,Kolvik
424569,Danco,Luff
424584,Kagan,Dredge
424685,Changho,Veevers
424714,Nathan,Vendrig
424797,Theron,Itschner
424805,Jacqueline,Zallocco
424845,Salvador,Peres
424930,Xuejun,Reeker
424984,Vasilis,Waleschkowski
425437,Moni,Staudhammer
425535,Alagu,Vieri
425540,Paddy,Zumaque
425757,Yongdong,Jiang
425780,Paris,Range
425830,Guther,Conia
425875,Jahangir,Kroft
426153,Shahaf,Luce
426168,Kaijung,Mateescu
426228,Supot,Badache
426235,Danco,Rajala
426611,Serap,Bahi
426644,Zejun,Broomell
426683,Xudong,Muntz
426706,Karsten,Kawashima
426795,Huican,Lunn
426818,Gaurav,Fendler
426819,Sandeepan,Kulisch
426824,Gopalakrishnan,Mawatari
426958,Weijing,Viele
427313,Utpal,Kemmerer
427320,Mamdouh,Ramamoorthy
427332,Feiyu,Hemaspaandra
427571,Torsten,Ranta
427659,Mariusz,Ritcey
427776,Jaques,Navazio
427805,Haldun,Compeau
427823,Jaques,Gecsei
427852,Adil,Kieras
428082,Ronghao,Alpin
428160,Jamaludin,Kalorkoti
428195,Hatsukazu,Rosca
428219,Ghassan,Androutsos
428235,Chenyi,Demian
428294,Nimmagadda,Kusakari
428917,Theron,Billawala
429040,Bader,Detkin
429087,Hugh,Senzako
429231,Kazuyasu,Schmiedel
429238,Mona,Luck
429249,Alassane,Wolniewicz
429316,Seshu,Hiraishi
429381,Limsoon,Roohalamini
429419,Adas,Chinen
429481,Subhada,Emmerich
429520,Yongqiao,Francisci
429532,Bartek,Vendrig
429553,Tadanori,Fujisawa
429569,Fumiya,Chappelet
429703,Ung,Honglei
429756,Jiann,Hofmeyr
429899,Ranan,Marsiglia
429954,Renny,Gladwell
430054,Erzsebet,Setiz
430558,Xiong,Roisin
430593,Janalee,Lanzelotte
430631,Kersti,Marsiglia
430891,Khalil,Gien
430981,Amabile,Koyama
431353,Bedir,Reeken
431576,Masamitsu,Back
431657,Visit,Thiran
431759,Alassane,Ramsay
431882,Hideo,Varman
431887,Poorav,Ranst
432031,Adamantios,Matzat
432034,Arfst,Uehara
432089,Irena,Gulla
432121,Alair,Straney
432257,Kwangjo,Hiltgen
432261,Arve,Bergere
432399,Nitsan,Nollmann
432523,Takahiro,Maquelin
432665,Flemming,Driscoll
432787,Toshiko,Ibel
432890,Nalini,Perly
432956,Qunsheng,Birrer
433059,Bojan,Montresor
433157,Tomofumi,Serna
433260,Make,Olivero
433438,Keiichiro,Miyakawa
433465,Wonhee,Benveniste
433640,Monique,Baer
434384,Greger,Babb
434845,Takushi,Skogmar
434936,Sahrah,Rosis
435026,Shim,Versino
435042,Brigham,Borstler
435060,Moie,Lieblein
435181,Kazuhide,Fiutem
435226,Yinghua,Panwar
435289,Feixiong,Schurmann
435305,Berthier,Pramanik
435357,Jaques,Standera
435370,Conal,Basart
435588,Genta,Pepe
435602,Dietrich,Kranzdorf
435664,Sham,Chiodo
435774,Olivera,Bharadwaj
435791,Hercules,Speer
436558,Subir,Greibach
436797,Ohad,Henders
436827,Wojceich,Limongiello
436915,Feixiong,Haraldson
437276,Dines,DeMori
437369,Kazuhide,Biran
437395,Sumant,Thambidurai
437724,Erez,Luft
437870,Kerhong,Lorho
438038,Lena,Giaccio
438158,Shaw,Varman
438264,Rasikan,Barreiro
438557,Lidong,Swist
438723,Charlene,Verspoor
439377,Mari,Plessier
439905,Kousuke,Levasseur
439924,Gunilla,Kisuki
440325,Douadi,Sullins
440435,Sandeepan,Rosti
440450,Tzvetan,Scharstein
440642,Snehasis,Kalsbeek
440870,Filipp,Hasham
440937,Fabrizio,Usery
440997,Manton,Schapiro
441197,Miquel,Legleitner
441536,Chinho,Collette
441651,Aimee,Billawala
441954,Leszek,Marchegay
441965,Claudi,Heijenga
442002,Ravishankar,Baig
442096,Martijn,DiGiano
442312,Zengping,Cusworth
442490,Navid,Luke
442653,Mona,Hebden
442700,Siddarth,Masada
442704,Terresa,Milicia
442898,Aksel,Gire
443108,Christfried,Atrawala
443339,Shir,Krone
443485,Marke,Klerer
443632,Bernd,Conia
443841,Shaw,Kading
443873,Vatsa,Ramsay
444070,Heping,Skrikant
444099,Kousuke,Worfolk
444208,Irena,Cesareni
444228,Xinglin,Busillo
444465,Prasadram,Bultermann
444487,Udi,Rullman
444643,Berna,Schonegge
445067,Eldridge,Kawashima
445152,Heping,Peac
445201,Randi,Alblas
445226,Oscar,Baumann
445456,Apostol,Gruenwald
445514,Tuval,Albarhamtoshy
445570,Van,Nations
445723,Gaurav,Roison
445941,Masako,Dechter
445950,Ebru,Valtorta
446121,Fay,Cochrane
446306,Hercules,Kabayashi
446424,DAIDA,Nooteboom
446785,Yuping,Papastamatiou
446897,Takahiro,Dalton
446959,Aram,Passino
447018,Dannz,Miara
447135,Gennady,Rouquie
447191,Dmitri,Rousseau
447232,Aleksander,Schaaf
447290,Maria,Miculan
447376,Kirk,Zongker
447544,Stabislas,Kakkad
447599,Heeju,Kemmerer
447613,Paris,Restivo
447877,Make,Heuser
447931,Martijn,Jeong
447966,Kamakshi,Hebert
447982,Shiv,Baezner
447999,Shiv,Vilarrasa
448165,Anyuan,Schwaller
448769,Mong,Dichev
448900,Mart,Talmor
448918,Chiradeep,Arlazarov
448994,Haldun,Syang
449189,Jahangir,Bernatsky
449815,Fumitaka,Quittner
449966,Mabry,Knightly
449984,Hinrich,Perin
450184,Selwyn,Henseler
450255,Udo,Waymire
450309,Gill,Orlowska
450371,Eldridge,Pargaonkar
450421,Selwyn,Munoz
450475,Saeed,Bahl
450510,Boalin,Tramer
450817,DAIDA,Frolund
450888,Sedat,Rande
450934,Chanjung,Raoux
450936,Yuriy,Ponthieu
451253,Jaihie,Ozeri
451272,Jacopo,Krohm
451275,Bedrich,Isard
451333,Radhika,Bonifati
452137,Subir,Miake
452196,Bartek,Snyers
452206,Arra,Esposito
452325,Taiji,Berstel
452347,Shigeichiro,Brattka
452365,Fei,Gadepally
452956,Gou,Thombley
452957,Alair,Nanard
452970,Mari,Fargier
452982,Lobel,Aloia
453070,Aran,Rosenbaum
453154,Gao,Lally
453644,Berni,Takkinen
453688,Chinya,Leslie
453723,Arne,Kohling
453760,Ewing,Rajala
453790,Fai,Keirsey
453913,Stein,Perng
453996,Sugwoo,Weiland
454338,Mohammed,Georg
454378,Gina,Ossenbruggen
454736,Nechama,Ermel
454791,Xiaoqiu,Pietracaprina
454825,Kamakshi,Schusler
454994,Mohan,Picht
455113,Manohar,Rothenberg
455175,Soenke,Zaumen
455243,Khoa,Bahk
455284,Luisa,Baig
455296,Mang,Sundgren
455364,Ranga,Plesums
455415,Weiye,Krohm
455726,Qiwen,Kriebel
455814,Giao,DuCasse
455914,Peer,Angelopoulos
456767,Tetsurou,Schreiter
456824,Aloke,Neiman
456982,Shounak,Dratva
457070,Gay,Plavsic
457146,Jinpo,Heyers
457305,Sorina,Lakshmanan
457337,Xumin,Beidas
457411,Xudong,Peck
457489,Berna,Ranst
457611,Indrajit,Krogh
457653,Yakichi,Naumovich
457776,Florian,Siepmann
457813,Foong,Gargeya
457832,Jackson,Zielinski
457938,Arch,Picco
458111,Florian,Tramer
458134,Thanasis,Standera
458191,George,Atchley
458383,Mabhin,Foote
458726,Shahaf,Kitai
458790,Ramya,Azadmanesh
458919,Kaijung,Papadias
459172,Val,Rissanen
459356,Pramod,Wendorf
459429,Mohit,Verhaegen
459685,Hirochika,Goldhammer
459846,Yuping,Sethi
460131,Adly,Hambrick
460691,Munehiko,Gihr
460707,Yoshinari,Lanteri
460920,Remzi,Mitzlaff
461120,Shietung,Gelosh
461270,Mrinalini,Mawatari
461563,Sreenivas,Versino
461723,Deborah,Basawa
461801,Sumali,Cooman
462067,Sampalli,Francisci
462493,Paloma,Gerlach
462736,Larisa,Murtafg
462795,Somnath,Cummings
463023,Itzchak,Penn
463099,Jinxi,Schmiedel
463212,Ramya,Rossi
463472,Jaber,Sethi
463495,Alenka,Barriga
464284,Huiqun,Henders
464303,Abdelghani,Nyrup
464526,Berna,Comellas
465062,Stafford,Gist
465076,Tokuyasu,Ghelli
465085,Vidar,Gunderson
465409,Shahid,Varman
465501,Mrinalini,Gire
465711,Lakshmi,Frijda
465853,Kwan,Kampfer
465874,Herb,Picht
466064,Temple,Danlos
466367,Hiroyasu,Strandh
466509,Bezalel,Verhoeff
466603,Yechezkel,Nourani
466745,Boalin,Birsak
466911,Stepehn,Markovitch
467176,Przemyslawa,Borovoy
467269,Nahum,Lambe
467392,Mariusz,Rikino
467441,Margareta,Bondorf
467591,Kiyotoshi,Hennebert
467886,Sivanarayana,Chandrasekhar
467918,Tsuneo,Skrikant
468360,Huei,Saoudi
468417,Kamakshi,Huhdanpaa
468659,Ranga,Lemarechal
468763,Sachin,Zlotek
468773,Baziley,Brookner
469104,Nadjib,Comellas
469253,Baruch,Basawa
469269,Weiyi,Codenie
469366,Aiman,Wilfing
469399,Hongzhu,Ruemmler
469527,Halsur,Ibel
469529,Neven,Rikino
469735,Arif,Stranks
469805,Chaosheng,Shobatake
469867,Hein,Jonsson
470456,Reuven,Oehlmann
470472,Zhiguo,Staudhammer
471397,Nigel,Zirintsis
471532,Feiyu,Decleir
471552,Basem,Lortz
471911,Arun,Zaccaria
471939,Kazuhiko,Marshall
472052,Godehard,Chinal
472143,Yahiko,Sommen
472238,Jungsoon,Gubsky
472440,Xuejia,Leppanen
472790,Zhenbing,Ibel
472950,Weidon,Fordan
473268,Hugo,Sgarro
473299,Khaled,Penn
473490,Pantung,Reeker
473824,Shin,Puoti
473940,Avishai,Majewski
474162,Ung,Taubenfeld
474257,Sungwon,Kornyak
474331,Sugwoo,Eugenio
474372,Monique,Cyre
474763,Mayuko,Clouatre
474796,Zongyan,Shackel
474918,Rasikan,Khalil
475087,Genevieve,Snedden
475258,Fumiyo,Feinberg
475538,Christophe,Leaver
475938,Shigeaki,Lanteri
475965,Rimon,Pietracaprina
476055,Girolamo,Schlumberger
476122,Khun,Spieker
476327,Reinhold,Binkley
476361,Doohun,Preusig
476488,Yuping,Kuhnemann
477350,Terresa,Vigier
477352,Nikolaos,Lorch
477578,Marit,Paludetto
477969,Bluma,Mundy
478007,Fumino,Narahara
478170,Doowon,Schoegge
478218,Djenana,Erol
478439,Yuichiro,Bale
478768,Arun,Katzenelson
478799,Shaw,Borovoy
478833,Pradeep,Valiente
478858,Hidekazu,Perna
479024,Ewing,Kalorkoti
479407,Randi,Tomescu
479601,Kayoko,Bahi
479695,Masamitsu,Murrill
480035,Sukumar,Georg
480066,Suebskul,Menhardt
480178,Uinam,Rahier
480268,Gaurav,Cheshire
480407,Deniz,Bennis
480571,Anoosh,Wielonsky
481050,Weiru,Burnard
481148,Gina,Decaestecker
481213,Shigehiro,Haldar
481397,Luisa,Chelton
481399,Amabile,Crelier
481467,Margareta,Polajnar
481764,Teiji,Marrakchi
481790,Haldun,Erie
481807,Taegyun,Vieri
482278,Sven,Hinsberger
482335,Kwangyoen,Peck
482354,Jayson,Zockler
482755,Jouni,Conia
482756,Shaowei,Back
482885,Shaunak,Brizzi
482905,Aral,Hebden
482944,Duke,Journel
483213,Phillip,Munch
483401,Rosita,Pokrovskii
483675,Hausi,Kamber
483825,Marek,Mitchem
483838,Sham,Kavanagh
483978,Dung,Tanemo
484126,Manton,Lueh
484142,Perry,Cooman
484498,Herbert,Hammerschmidt
484756,Phule,Ruemmler
485253,Gladys,Parhami
485489,Keiichiro,Armand
485577,Rafael,Menhoudj
485579,Munehiro,Iwayama
485799,Yoshimitsu,Litvinov
485817,Mahmut,Bolotov
486068,Yefim,Bernardeschi
486808,Geoffrey,Siochi
486918,Yagil,Remmers
486955,Jaber,Feldmann
486956,Matt,Ruemmler
486958,Tonny,Kropf
487008,Zhigen,Raney
487505,Uno,Jayawardene
487856,Jaewon,Mansanne
487988,Ekawit,Schaft
488095,Francoise,Hegner
488115,Leah,Luke
488142,Denis,Narlikar
488414,Changho,Gaughan
488482,Kensyu,Tsunoo
488540,Breannda,Maquelin
488619,Georgy,Bennis
488632,Irena,Baalen
488693,Jiong,Zultner
488707,Mihalis,Remmers
488752,Nimmagadda,Baja
488788,Wuxu,Garigliano
488984,Kendra,Junet
489465,Bogdan,Pepe
489755,Matk,Chorvat
489756,Kersti,Miculan
489928,Satoru,Janetzko
490240,Kazunori,Orlowska
490551,Lalit,Lindqvist
490557,Luise,Vigier
490568,Zita,Reistad
490720,Younwoo,Samarati
491079,Kwangsub,Keirsey
491162,Panayotis,Hempstead
491478,Gill,Varman
491494,Saniya,Broomell
491596,Charmane,Pargas
491632,Gadiel,Perly
492000,Valeska,Cools
492052,Udo,Ratnakar
492217,Heekeun,Verhaegen
492639,Sanjoy,Porenta
492677,Goetz,McAffer
493031,Hironoby,Jakobus
493048,Muzhong,Berztiss
493096,Sachem,Msuda
493278,Shaleah,Pileggi
493744,Leni,Kropatsch
494019,Morrie,Iisaku
494088,Phule,Dahlbom
494493,Masasuke,Koprowski
494978,Bezalel,Himler
494995,Yongmao,Pouyioutas
495969,Geoffrey,Panienski
496100,Pranjal,Reinhard
496970,Giordano,Maquelin
496978,Danco,Debuse
497007,Oldrich,Adachi
497174,Sanjiv,Bressoud
497340,Fayez,Keohane
497391,Paris,Lieblein
497409,Reinhard,Erde
497660,Gritta,Petereit
497835,Shuho,Laurillard
498185,Caolyn,Marciano
498337,Naraig,Docker
498456,Geraldo,Gerteisen
498635,Florian,Pezzoli
498838,Sanjay,Ciolek
498845,Arumugam,Pelc
498955,Nechama,Kandlur
499160,Urs,Rande
499194,Padma,Delgrange
499260,Danae,Honglei
499495,Baoqiu,Kakkar
